about;name;sizeDescription;material;radius;diameterOverJacket;diameterOverCore;diameterOverInsulation;tapeThickness;sheathThickness;constructionKind;outerJacketKind;insulationEr;insulationErShield;shieldMaterial;shieldIsTransposed;shieldCrossSection;shieldGrounding;crossSection;underShieldScreenThickness;radialMoistureBarrierThicknes
e60120bf36614cb2ac7557e43dee3c1a;FXLJ-220-1õ400/90-127;FXLJ-220 1õ400/90-127;WireMaterialKind.aluminum;;;;;0.00136;;;;;;;false;9E-05;WireMaterialKind.aluminum;0.0004;;0.0002
6ece149040554dc280d42f16480c441b;ÀÏâÏó2;ÀÏâÏó2;WireMaterialKind.aluminum;0.038;0.07075;;;0.002;;WireMaterialKind.aluminum;;;2.5;WireMaterialKind.aluminum;false;9.5E-05;;0.000185;;0.0002
1582f251e08948e881810471b26c3a6c;ÏâÂíã(Â)-LS 1õ240/50-35;ÏâÂíã(Â)-LS 1õ240/50-35;WireMaterialKind.copper;0.0085;0.051;0;0;0.0012;0;WireMaterialKind.copper;;;;WireMaterialKind.copper;;0.00005;;0.00024;0;0
b009de8052164dbe9a1af1c4a14989f5;ÀÏâÏó2ã 1õ185/70 64/110;ÀÏâÏó2ã 1õ185/70 64/110;;0;0;0;0;0;0;;;;;;;0;;0;0;0
f2b818e9689d439d9b13f522f0d6aa00;2XS-(FL)2Y-LWL-1x1200-RMS/300-127/220-kV;2XS (FL)2Y-LWL 1x1200 RMS/300-127/220 kV;WireMaterialKind.copper;0.02155;0.115;;;0.0012;;WireMaterialKind.copper;;2.5;2.3;WireMaterialKind.copper;true;0.0003;;0.0012;0.0012;0.0002
ef6d245d2f914b7089b511f440c1e622;ÏâÏ2ã-1*240/95-64/110;ÏâÏ2ã 1*240/95-64/110;WireMaterialKind.copper;0.0091;0.038700000000000005;;;0.0006;;;;;;WireMaterialKind.copper;false;9.5E-05;;0.00024;0.0001;0.0001
78fc088dbaa2492599348e951fe83082;ÀÂÂÃ-3-(3*185-6);ÀÂÂÃ 3 (3*185-6);WireMaterialKind.aluminum;;0.055200000000000006;;;5.9999999999999995E-05;;WireMaterialKind.aluminum;;;;;false;;;0.000185;;
a7340f3de7d8478d81d366f8ae7749cd;ÀÏâÏ-1õ300/95-10;ÀÏâÏ 1õ300/95-10;WireMaterialKind.aluminum;0.013175000000000001;0.04;;;0.0009;;WireMaterialKind.aluminum;;1.6;1.6;WireMaterialKind.aluminum;false;9.5E-05;WireMaterialKind.aluminum;0.0003;0.0006;0.00015
159af6a543bb4c0f9bfbc311fea68541;1. À2XS(FL)2Y-1õ300RM/50-64/110;À2XS(FL)2Y 1õ300RM/50-64/110;WireMaterialKind.aluminum;0.01019;0.0698;;;0.001;;WireMaterialKind.aluminum;;11.5;7.3;WireMaterialKind.aluminum;false;7E-05;WireMaterialKind.aluminum;0.0003;0.001;0.00016
641df415426d47bf9084f30f33921b1f;3*(ÀÏâÏÓ-1-300/35-35);3*(ÀÏâÏÓ 1-300/35-35);WireMaterialKind.aluminum;0.0255;0.052;;;0.0009;;WireMaterialKind.aluminum;;2.4;2.4;WireMaterialKind.aluminum;false;3.5E-05;WireMaterialKind.aluminum;0.0003;0.0002;
40b2ffd70cd64b8ab27e985ee4a5a325;ÊÀ9ÑÏÂÏÌ 1õ400_70-10;ÊÀ9ÑÏÂÏÌ 1õ400_70-10;;;;;;;;;;;;;;;;;;
c7788614e71e4696842517aa2be631bb;ÀÏâÏ-1õ300/70-10;ÀÏâÏ 1õ300/70-10;WireMaterialKind.aluminum;0.013175000000000001;0.038;;;0.0009;;;;1.6;1.6;;false;7E-05;;0.0003;0.0006;0.00015
1d02c7e0240e4d3d93ce2f3f02aa44cf;ÀÏâÏó2ã 1õ1000ãæ/210-64/110 êÂ;ÀÏâÏó2ã 1õ1000ãæ/210-64/110 êÂ;WireMaterialKind.aluminum;;0.092;;;0.006;;WireMaterialKind.aluminum;WireMaterialKind.aluminum;;2.3;WireMaterialKind.aluminum;;0.00021;WireMaterialKind.aluminum;0.001;0.001;0.0001
32f62377270e48969325e8f865464df3;ÀÏâÏÓ-1*300/25-35;ÀÏâÏÓ-1*300/25-35;WireMaterialKind.aluminum;0.0157;0.047299999999999995;;;0.0009;;;;2.4;2.4;WireMaterialKind.aluminum;false;2.5E-05;;0.0003;0.0002;
55dfa615b94e456aa798d3e16c3c8afe;ÀÏâÏ2ã1*500/70-64/110êÂ;Ïàğàìåòğû êàáåëÿ ÀÏâÏ2ã1*500/70-64/110êÂ;WireMaterialKind.aluminum;0.01325;0.07954;;;0.06;;WireMaterialKind.aluminum;;;;WireMaterialKind.aluminum;false;0.00007;WireMaterialKind.aluminum;0.0005;0.0011;0.0002
7c7ddc024cdd4aa49aae5fbf066b9aad;ÏâÏóï2ãæ-1õ1200/300(îâ)-127/220-êÂ;ÏâÏóï2ãæ 1õ1200/300(îâ) 127/220 êÂ;WireMaterialKind.copper;0.021;0.115;;;0.0012;;;;2.5;2.5;WireMaterialKind.copper;true;0.0003;WireMaterialKind.copper;0.0012;0.0012;0.00016
5c1e625c99eb408ab71ee9cbc1058003;N2XS(FL)2Y;N2XS(FL)2Y;WireMaterialKind.copper;0.01185;0.07;;;0.0008;;;;;;WireMaterialKind.copper;false;0.00015;;0.0004;;
ffb2871f6f6846ed92f728308113274d;ÀÏâÏó2ã 1õ2000ñãæ185-110êÂ;ÀÏâÏó2ã 1õ2000ñãæ185-110êÂ;WireMaterialKind.aluminum;;0.0112;;;0.006;;WireMaterialKind.aluminum;WireMaterialKind.aluminum;;;WireMaterialKind.aluminum;;0.000185;WireMaterialKind.aluminum;0.002;0.001;0.00015
da26595af73d44379c1d8e35ad21cf29;2X(FL)2Y-1600RMS/265-127/220kV;2X(FL)2Y 1600RMS/265-127/220kV;WireMaterialKind.copper;0.025;0.113;;;0.0012;;;;2.5;2.3;WireMaterialKind.copper;true;0.000265;;0.0016;0.0012;0.00020999999999999998
0c04b7bdc1294f5e933c4b73fda489b1;ÏâÏó2ãæ-1õ1600/195-ÎÂÌÌ-2õ4-64/110;ÏâÏó2ãæ 1õ1600/195 ÎÂÌÌ 2õ4-64/110;WireMaterialKind.copper;0.02495;0.10208;;;0.001;;WireMaterialKind.copper;;;;;true;0.000195;WireMaterialKind.copper;0.0016;;0.0002
641d30e707a64b5ea6152fd0be467d76;ÀÏâÏó2ãæ1õ500/70;ÀÏâÏó2ãæ1õ500/70;WireMaterialKind.aluminum;0.01325;0.07954;;;0.0019;;;;;;;true;7E-05;;0.0005;0.001;0.0002
1a0f2661b8bf460da1d8dd2e2ce98cba;(F)2XS(FL)2Y-1*1600RMS/300-2*4MM-127/220;(F)2XS(FL)2Y 1*1600RMS/300 2*4MM 127/220;WireMaterialKind.copper;0.025;0.113;;;0.0012;;;;2.5;2.3;;true;0.0003;;0.0016;0.0012;0.0002
ef231517e090493084e84cb8ffe33dc6;ÀÏâÏó2ãæ-1õ630/150--64/110;ÀÏâÏó2ãæ 1õ630/150- 64/110;WireMaterialKind.aluminum;0.0152;0.08220000000000001;;;0.0011;;;;11.5;7.3;;false;0.00015;;0.00063;0.001;0.0003
dd70158e93de4067af09db3d521ad507;ÀÏâÏïíã2ã-HF-À-1õ500ãæ/95-64/110-êÂ;ÀÏâÏïíã2ã-HF-À 1õ500ãæ/95-64/110 êÂ;WireMaterialKind.aluminum;0.013300000000000001;0.0722;;;0.0011;;WireMaterialKind.aluminum;;2.5;2.3;WireMaterialKind.aluminum;false;9.5E-05;WireMaterialKind.aluminum;0.0005;0.001;0.00015
66120e2295d24c0aa036f707f3ef2e45;ÀÏâÏó2ã-1õ350/185-64/110;ÀÏâÏó2ã 1õ350/185-64/110;WireMaterialKind.aluminum;0.01115;0.07;;;0.0011;;WireMaterialKind.aluminum;;;;WireMaterialKind.aluminum;false;0.000185;;0.00035;0.001;0.00106
8177e8cba4e74f7f963f5a18a3b3581e;3ÀÏâÏó2ã-1õ240(ãæ)/95-64/110;3ÀÏâÏó2ã 1õ240(ãæ)/95-64/110;WireMaterialKind.aluminum;0.0092;0.0676;;;0.0011;;WireMaterialKind.aluminum;;;;;false;9.5E-05;;0.00024;;
e819c930dcf041f19ab146f869c59f6b;ÀÏâÏó2ã-2*3*1*150/25-10;ÀÏâÏó2ã 2*3*1*150/25-10;WireMaterialKind.aluminum;0.016050000000000002;0.0332;;;0.0006;;WireMaterialKind.aluminum;;2.3;2.3;WireMaterialKind.aluminum;false;2.5E-05;WireMaterialKind.aluminum;0.00015;0.0006;
84714dbbc5944b488b3f969118474cd9;1. ÀÏâÏó2ã-1õ240/95-64/110;ÀÏâÏó2ã 1õ240/95-64/110;WireMaterialKind.aluminum;0.009349999999999999;0.0719;;;0.011;;WireMaterialKind.aluminum;;;;WireMaterialKind.aluminum;true;9.5E-05;WireMaterialKind.aluminum;0.00024;;0.0002
a4c8d13a1f2046c4b02fb84cb236faac;ÀÏâÏó2ãæ-1õ1000/70-64/110;ÀÏâÏó2ãæ 1õ1000/70-64/110;WireMaterialKind.aluminum;0.01984;0.08984;;;0.001;;;;11.5;7.3;;false;7E-05;;0.001;0.001;0.00016
7b39c10a54104775b3a545ce65fcc55b;ÀÏâÏ2ãíã(À)-HF-1x800(ãæ)/240-64/110;ÀÏâÏ2ãíã(À)-HF 1x800(ãæ)/240-64/110;WireMaterialKind.aluminum;0.017;0.069;;;0.0011;;;;;;;false;0.00024;;0.0008;0.001;
15fcbfdada9943dd8f9a6cea584d5e8e;ÀÏâÏó2ã-1õ400(ãæ)/50-64/110-êÂ;ÀÏâÏó2ã 1õ400(ãæ)/50-64/110 êÂ;WireMaterialKind.aluminum;0.012;0.05878;;;0.0016;;;;;;WireMaterialKind.aluminum;false;6.4E-05;WireMaterialKind.aluminum;0.0004;;
421374614dda4e43a297ca77d6c846bf;2XS(FL)2Y-1*400RM/150-127/220;2XS(FL)2Y-1*400RM/150-127/220;;0;0;0;0;0;0;;;;;;;0;;0;0;0
96e67f24b8f64f9aae17985a92cf20b0;ÀÏâÂíã(À)-3(1x400);ÀÏâÂíã(À) 3(1x400);WireMaterialKind.aluminum;;0.07;;;0.015;;WireMaterialKind.aluminum;;;2.4;WireMaterialKind.aluminum;false;3.5E-05;WireMaterialKind.aluminum;0.0004;0.0004;0.0025
e5ec01db073645b3b432d6894ae70cf5;ÀÏâÏóã-10;ÀÏâÏóã-10;WireMaterialKind.aluminum;0.0092;0.0705;;;0.0006;;;;;;WireMaterialKind.aluminum;false;7E-05;;0.00024;;
fdf9f0cf28ef4370a192300008280c82;ÀÏâÏó-1*500ìê/50-10;ÀÏâÏó 1*500ìê/50-10;WireMaterialKind.aluminum;0.014;0.047299999999999995;;;0.0009;;;;2.4;2.4;WireMaterialKind.aluminum;false;5E-05;;0.0005;0.0002;
f3a024d4c007483daa36f17534d98d39;ÏâÏ2ã-1õ400(ãæ)/150;ÏâÏ2ã-1õ400(ãæ)/150;WireMaterialKind.copper;;;;;0.0006;;;;;;;;0.00015;;0.0004;;
26ffec0ca6114e92a632e169e0f0c7c1;ÏâÏï2ãíã(À)-HF-1õ400(ãæ)/70-64/110;ÏâÏï2ãíã(À)-HF 1õ400(ãæ)/70-64/110;WireMaterialKind.copper;0.011314999999999999;0.0755;;;0.0011;;WireMaterialKind.copper;;2.5;2.5;WireMaterialKind.copper;false;7E-05;WireMaterialKind.copper;0.0004;;0.0002
65054d71a1924e0085f312ad31cd5085;ÀÏâÏó2ã-1õ400/70-64/110;ÀÏâÏó2ã 1õ400/70-64/110;WireMaterialKind.aluminum;0.011300000000000001;0.07235;;;0.0015;;WireMaterialKind.aluminum;;;;;false;6E-05;WireMaterialKind.aluminum;0.0004;;
bdf4c438e06f48268c71a0dce1d4b1fd;ÀÀØâ-10;ÀÀØâ-10;WireMaterialKind.aluminum;;0.0535;;;0.00023999999999999998;;;;;;;false;4E-05;;0.00024;;
73fa262680a7469e84507fe0a5319744;ÀÏâÏó2ã 1õ1000/50-64/110;ÀÏâÏó2ã 1õ1000/50-64/110;WireMaterialKind.aluminum;0.09427;0.09427;;0.064;;;;;;;;false;5E-05;;0.001;;0.0002
ad7b61dc9f5f468f950fa3d05ce87aba;ÀÏâÏó2Ã-500;ÀÏâÏó2Ã-500;WireMaterialKind.aluminum;0.019899999999999998;0.045;;;0.02;;;;1;1;;false;4.5E-05;;0.00024;0.01;0.02
b203f8c425d743808d74b47682df56e5;HIGH-CABLE-Cu-1200/265kV;HIGH CABLE Cu 1200/265kV;WireMaterialKind.copper;0.021;0.116;;;0.0012;;;;2.5;2.3;WireMaterialKind.copper;true;0.000265;WireMaterialKind.copper;0.0012;0.0012;0.0002
e0183fc88bcc4d6cbb2155a5bff61f12;ÀÏâÏó2ãæ-1x800/210;ÀÏâÏó2ãæ 1x800/210;WireMaterialKind.aluminum;0.017;0.089;;;0.0015;;;;;;WireMaterialKind.aluminum;false;0.00021;;0.0008;;
d8a43451207d4f2e9383c47a893cdd41;ÏâÏó2ã 1*185/70-110;ÏâÏó2ã 1*185/70-110;WireMaterialKind.copper;;;0.0868;;;;;WireMaterialKind.copper;;;WireMaterialKind.copper;;0.00015;;0.000185;;
5e1f46d962ca4d9ba7f7d1534d206f98;1. ÏâÏó2ã-1õ1200(ñãæ)/265îâ-127/220;ÏâÏó2ã-1õ1200(ñãæ)/265îâ-127/220;WireMaterialKind.copper;0.021;0.116;;;0.0012;;WireMaterialKind.copper;;2.5;2.3;WireMaterialKind.copper;true;0.000265;WireMaterialKind.copper;0.0012;0.0012;0.0002
11a9acfb9fe144bebe550bdaa1824202;ÀÏâÏïó2ã-1õ300ãæ/185îâ-64/110-êÂ;ÀÏâÏïó2ã 1õ300ãæ/185îâ-64/110 êÂ;WireMaterialKind.aluminum;0.037899999999999996;0.04643;;;0.006;;WireMaterialKind.aluminum;;2.3;2.5;WireMaterialKind.aluminum;true;0.000185;WireMaterialKind.aluminum;0.0003;0.001;0.00015
a6fa6e79efd341128a6f4acf62e4bbb9;ÀÏâÏó2ãæ-1õ1000/185-64/110;ÀÏâÏó2ãæ 1õ1000/185-64/110;WireMaterialKind.aluminum;0.019843;0.08984;;;0.001;;WireMaterialKind.aluminum;;11.5;7.3;;false;0.000185;;0.001;0.0011;0.00016
e32a37c625f84434a247add848f257a7;2XS(FL)2Y-LWL1*1600RMS/300-127/220kV;2XS(FL)2Y-LWL1*1600RMS/300-127/220kV;WireMaterialKind.copper;0.02425;0.12029999999999999;;;0.0012;;WireMaterialKind.copper;;2.5;2.3;WireMaterialKind.copper;true;0.0003;WireMaterialKind.copper;0.0016;0.0012;0.0002
91df8314de9241d9aaab158a2e7c040c;2XS(FL)2Y-LWL-1*2000-RMS265-127/220kV;2XS(FL)2Y-LWL 1*2000 RMS265-127/220kV;WireMaterialKind.copper;0.028149999999999998;0.13022;;;0.0012;;WireMaterialKind.copper;;2.5;2.3;WireMaterialKind.copper;true;0.000265;WireMaterialKind.copper;0.002;0.0012;0.0002
eae4e7d72e79477fa7ecb46178c82656;ÀÏâÏó-3x185/35-10;ÀÏâÏó 3x185/35-10;WireMaterialKind.aluminum;0.0351;0.07529999999999999;;;0.0006;;WireMaterialKind.aluminum;;2.4;2.4;WireMaterialKind.aluminum;false;3.5E-05;;0.000185;0.0002;0.0001
6ad4d24f3f214c448551925712187af7;2. ÀÏâÏó2ã-1õ1600ñãæ/280îâ-64/110;ÀÏâÏó2ã 1õ1600ñãæ/280îâ-64/110;WireMaterialKind.aluminum;0.0248;0.10490000000000001;;;0.0011;;WireMaterialKind.aluminum;;;;WireMaterialKind.aluminum;true;0.00028;;0.0016;;0.00015
c65793dd457f4b72bedc01c21ed7d1ba;ÀÏâÏó2ãæ 1õ1400/150-64/110;êàáåëü 110 êÂ èç ÏİÍÄ ñ Àëşìèíèåâîé ñåãìåíòèğîâàííîé æèëîé;WireMaterialKind.aluminum;0;0.005;0.005;0.013;0.0001;0.005;;WireMaterialKind.aluminum;;;WireMaterialKind.aluminum;;0.00015;;0.0014;0.048729999999999996;0.00035
0f5dcf6142c74bc99e1844c5082c4e2e;ÏâKaÏíã(A)2ãæ-HF-1x240/95(îâ);ÏâKaÏíã(A)2ãæ-HF 1x240/95(îâ);WireMaterialKind.copper;0.009;0.081;;;0.001;;WireMaterialKind.copper;;2.5;2.3;WireMaterialKind.copper;true;9.5E-05;WireMaterialKind.copper;0.00024;;0.003
c0cd79ce39824486a186483de4e85def;ÀÏâÂíã(À)---LS---10---3(3(1*500/50));ÀÏâÂíã(À) - LS - 10 - 3(3(1*500/50));WireMaterialKind.aluminum;0.013800000000000002;0.0503;;;0.0001;;;;;;WireMaterialKind.aluminum;false;5E-05;;0.0005;0.0006;
d945c4f67ff7463b852a4fba43d46da6;2XS(FL)2Y;2XS(FL)2Y;WireMaterialKind.copper;0.02775;;;;0.016;;WireMaterialKind.copper;;;;;;0.00015;;0.002;;0.00015
26fdc8e061b840a5a89ae52b3bf1ae0f;2. ÀÏâÏó2ã-1õ240/95-64/110;ÀÏâÏó2ã 1õ240/95-64/110;WireMaterialKind.aluminum;0.008;0.075;;;0.0011;;;;;;WireMaterialKind.aluminum;false;9.5E-05;;0.00024;0.001;0.00106
2111253c435e432899f3eeef65c1ce81;ÀÀÁó-10-3õ185;ÀÀÁó-10 3õ185;WireMaterialKind.aluminum;0.0075;0.04;;;0.001;;;;2.5;2.5;;;3E-05;;0.000185;;0.0001
c4d1831a5bb54afe9b0837264d1cbb77;ÏâÏ(ï)ó2ãæ-1õ1200/265-ÎÂÌÌ-2õ4---127/220-êÂ;ÏâÏ(ï)ó2ãæ 1õ1200/265 ÎÂÌÌ 2õ4 - 127/220 êÂ;WireMaterialKind.copper;0.021555;0.11269;;;0.0011;;;;2.5;2.3;;false;0.000265;;0.0012;0.0011;0.0002
a22b67cfc2a04dc99634664275c30ba9;ÀÏâÏó2ã 1õ2000ñãæ/185-64/110 êÂ (1);ÀÏâÏó2ã 1õ2000ñãæ/185-64/110 êÂ;WireMaterialKind.aluminum;0.027399999999999997;0.11109999999999999;0.11109999999999999;0.0793;0.0001;0.006;WireMaterialKind.aluminum;;2.3;2.3;WireMaterialKind.aluminum;;0.000185;WireMaterialKind.aluminum;0.002;0.0011;0.00015
27fb4a15be50496c8b6572808e03c3f3;ÀÏâÏó2ã-1õ1400ñãæ/280îâ-64/110;ÀÏâÏó2ã 1õ1400ñãæ/280îâ-64/110;WireMaterialKind.aluminum;0.023;0.1026;;;0.0011;;WireMaterialKind.aluminum;;;;WireMaterialKind.aluminum;true;0.00028;WireMaterialKind.aluminum;0.0014;;0.00015
ebab5486e6f24fa18f501431b07604f7;ÏâÏó2ãæ-1õ400/265-127/220;ÏâÏó2ãæ 1õ400/265-127/220;WireMaterialKind.copper;0.011699999999999999;0.0952;;;0.00211;;WireMaterialKind.copper;;;;WireMaterialKind.copper;false;0.000265;;0.0004;;0.0002
d2008fdd47a647c6bb1cc11c2e32fffe;ÀÏâÏó2ãæ-1õ800/185-64/110;ÀÏâÏó2ãæ 1õ800/185-64/110;WireMaterialKind.aluminum;0.017;0.069;;;0.0011;;WireMaterialKind.aluminum;;11.5;7.3;;false;0.000185;;0.0008;0.0011;0.0003
d8f1c7a192d34982859855d7f9d0f9df;ÀÏâÏóã2ãæ-3õ1õ500/70-64/110;ÀÏâÏóã2ãæ 3õ1õ500/70-64/110;WireMaterialKind.aluminum;;0.07893;;;;;;;;;;true;7.2E-05;WireMaterialKind.aluminum;0.0005;;
fe157d012c664062899b426b26774448;À2ÕS(FL)2Y+-1õ400RM/-95---64/110;À2ÕS(FL)2Y+ 1õ400RM/ 95 - 64/110;WireMaterialKind.aluminum;0.01115;0.075;;;0.0011;;WireMaterialKind.aluminum;;;;WireMaterialKind.aluminum;false;9.5E-05;;0.0004;0.001;0.001
8bc7e40a52064389a638466b394132fe;FXCL-1*1200-seg/265--220kV;FXCL 1*1200 seg/265 -220kV;WireMaterialKind.copper;0.021;0.116;;;0.0012;;WireMaterialKind.copper;;2.5;2.3;WireMaterialKind.copper;true;0.000265;;0.0012;0.0012;0.0002
35559f258dad426bb37e812f0dae0134;ÀÏâÏó2ã1õ1200/120-127/220-êÂ;ÀÏâÏó2ã1õ1200/120-127/220 êÂ;WireMaterialKind.aluminum;0.05228;0.09476000000000001;;;0.004;;WireMaterialKind.aluminum;;;;WireMaterialKind.aluminum;true;0.00012;WireMaterialKind.aluminum;0.0012;0.001;0.0011
dc2981beacdc4f48b8c642301fe46762;ÀÏâÏó2ã-1õ300/95-64/110-Êèğñêàáåëü;ÀÏâÏó2ã 1õ300/95-64/110 Êèğñêàáåëü;WireMaterialKind.aluminum;0.011300000000000001;0.069;;;0.0011;;;;;;;false;9.5E-05;WireMaterialKind.aluminum;0.0003;0.001;0.0003
8d3690f608b44fbe9c5d68ab47b10149;ÀÏâÏó2ã 1õ2000ñãæ/185-64/110 êÂ (İñòğàëèí);ÀÏâÏó2ã 1õ2000ñãæ/185-64/110 êÂ (İñòğàëèí);WireMaterialKind.aluminum;0.0277;0.11109999999999999;0.11109999999999999;0.1038;0.0001;0;WireMaterialKind.aluminum;WireMaterialKind.aluminum;2.3;2.3;WireMaterialKind.aluminum;;0.000185;WireMaterialKind.aluminum;0.002;0.0011;0.00015
7e98450748834bac900eabb6bec15793;ÑÁ-10-3õ120;ÑÁ-10 3õ120;WireMaterialKind.copper;0.0065;0.035;;;0.001;;WireMaterialKind.copper;;2.5;2.5;WireMaterialKind.copper;;2.5E-05;;0.00012;;
90b641939fc8438b86e0c3ff64ab1b29;ÀÏâÏã 1 õ 185/50-64-110;ÀÏâÏã 1 õ 185/50-64-110;WireMaterialKind.aluminum;0;0;0;0;0;0;;WireMaterialKind.aluminum;;;;;0;;0.000185;0;0
dce546c4e24f44a99c128c2789a62d35;ÀÏâÏó2ãæ 1õ2500/240-127/220;ÀÏâÏó2ãæ 1õ2500/240-127/220;WireMaterialKind.aluminum;0;0.12359999999999999;0;0;0.0002;0;WireMaterialKind.aluminum;;0;0;WireMaterialKind.aluminum;true;0;WireMaterialKind.aluminum;0.0025;0;0
5ce330f76f554de280d5147505c39295;HXCHBMK-1*1200/265-–-127--220kV;HXCHBMK 1*1200/265 – 127 -220kV;WireMaterialKind.copper;0.0215;0.118;;;0.0012;;WireMaterialKind.copper;;2.5;2.3;WireMaterialKind.copper;true;0.000265;WireMaterialKind.copper;0.0012;0.0012;0.0002
f4e7151504b54ccc85725a6dfdea7959;ÀÏâÏó2ã-1õ350/95-64/110;ÀÏâÏó2ã 1õ350/95-64/110;WireMaterialKind.aluminum;0.01115;0.07;;;0.0011;;;;11.5;7.3;WireMaterialKind.aluminum;false;9.5E-05;;0.00035;0.001;0.00106
cdc2a03fe10741138fb3827ed2c6bc90;ÏâKaÏíã(A)2ãæ-HF-1x1600/95(îâ);ÏâKaÏíã(A)2ãæ-HF 1x1600/95(îâ);WireMaterialKind.copper;0.0245;0.113;;;0.001;;;;2.3;2.5;WireMaterialKind.copper;true;9.5E-05;;0.0016;;0.0032
86b0714f51234adc95a1fd8f0f22137b;ÀÏâÏó2ã-1-õ-630/95-64/110;ÀÏâÏó2ã-1 õ 630/95-64/110;WireMaterialKind.aluminum;0.0148;0.07518000000000001;;;0.001;;WireMaterialKind.aluminum;;2.3;2.3;WireMaterialKind.aluminum;false;9.5E-05;WireMaterialKind.aluminum;0.00063;0.001;0.00025
afeeac24e11f443f825ad49cfd5adfd6;ÀÏâÏó-3*150/50-10;ÀÏâÏó 3*150/50-10;WireMaterialKind.aluminum;0.0327;0.0654;;;0.0006;;;;2.4;2.4;WireMaterialKind.aluminum;false;5E-05;WireMaterialKind.aluminum;0.00015;0.0002;
492dd6e0c4854e95b1417b874a80ce14;ÏâÁÏ;ÏâÁÏ;WireMaterialKind.copper;;0.0804;;;0.0001;;WireMaterialKind.copper;;;;WireMaterialKind.copper;false;5E-05;WireMaterialKind.copper;0.00024;;
e5cbc88bd5c447ecb1f3cf7513af429b;ÀÏâÏÓ2r-1õ185-(ãæ)/70-64/110-êÂ;ÀÏâÏÓ2r 1õ185 (ãæ)/70-64/110 êÂ;WireMaterialKind.aluminum;0.025;0.0531;;;0.0011200000000000001;;;;;;;true;7E-05;;0.000185;;0.003
a7e555515d8346e29f9f0466340b9ea9;2. ÀÏâÏó2ã-1õ350/120-64/110;ÀÏâÏó2ã-1õ350/120-64/110;WireMaterialKind.aluminum;0.01115;0.07;;;0.0011;;;;11.5;7.3;;false;0.00012;;0.00035;0.001;0.00106
95c3043d53634f7ab760721fa19618fd;ÀÏâÏÃ-240;ÀÏâÏÃ-240;WireMaterialKind.aluminum;0.019899999999999998;0.035;;;0.01;;;;1;1;WireMaterialKind.aluminum;false;3.5E-05;WireMaterialKind.aluminum;0.00012;0.01;0.01
d2bfdc4c34a84a47a7e1cfc939aa9f45;ÀÏâÏó2ã-æ1õ800/150-64/110;ÀÏâÏó2ã æ1õ800/150-64/110;WireMaterialKind.aluminum;0.017;0.069;;;0.0011;;;;11.5;7.3;;false;0.00015;;0.0008;0.0011;0.0003
09075ca81ae3403b99515f74e59921fe;ÀÏâÏó2ã-1*500;ÀÏâÏó2ã1*500;WireMaterialKind.aluminum;0.013300000000000001;0.0713;;;0.001;;WireMaterialKind.aluminum;;;;;true;0.000185;WireMaterialKind.aluminum;0.0005;0.001;
a38cb9111d484493a0f5d6638b4b6675;ÀÑÁ2ë-3õ240(îæ)-10;ÀÑÁ2ë 3õ240(îæ)-10;WireMaterialKind.aluminum;0.0088;0.0654;;;0.00125;;;;;;;false;;WireMaterialKind.aluminum;0.00024;;
61ee1af02a974e28bd42e4b00719be25;ÀÏâÏó2ã 1õ1000ãæ/210-64/110 êÂ (1);ÀÏâÏó2ã 1õ1000ãæ/210-64/110 êÂ (1);WireMaterialKind.aluminum;0.019;0.09190000000000001;0.09190000000000001;0.0701;0.0001;0;WireMaterialKind.aluminum;;2.3;2.3;WireMaterialKind.aluminum;;0.00021;;0.001;0.0011;0
ed92b8f94428471fbd221868383ff32b;FXLJ-1?1200/185-220-êÂ;FXLJ-1*1200/185-220 êÂ;WireMaterialKind.copper;0.022;0.109;;;0.0012;;;;2.5;2.3;WireMaterialKind.copper;true;0.000185;WireMaterialKind.copper;0.0012;0.0012;0.0002
bfd8bed38eb44d05a4956038c23e8cf5;ÏâÏó2ã-1*1000(ãæ)-/-265(îæ)-64-110êÂ;ÏâÏó2ã 1*1000(ãæ) / 265(îæ)-64-110êÂ;WireMaterialKind.copper;0.018949999999999998;0.09720000000000001;;;0.0012;;WireMaterialKind.copper;;2.5;2.3;WireMaterialKind.copper;false;0.000265;;0.001;0.0012;0.0002
6dcecc5d120a435484e54a1ddb7e4772;ÀÏâÏ2ã 1õ630/150;Êàáåëü ÀÏâÏ2ã 1õ630/150 - 10êÂ;WireMaterialKind.aluminum;0.0515;;;;;;WireMaterialKind.aluminum;;;;WireMaterialKind.aluminum;;0.00015;;0.00063;;0.0002
21edac1b1c4e4b09a7a94e7e70cb49cf;2XS(FL)-2Y-M-OF-1x1600-RMS/265-127/220kV;2XS(FL)-2Y-M-OF 1x1600 RMS/265-127/220kV;WireMaterialKind.copper;0.02425;0.12029999999999999;;;0.0012;;;;2.5;2.3;;false;0.000265;;0.0016;0.0012;0.0002
b969c6a817bb494b956573aed2a47847;ÏâÏó2ãæ;ÏâÏó2ãæ;WireMaterialKind.copper;;;;;0.0006;;;;;;WireMaterialKind.copper;false;0.00015;;0.00024;;0.0001
b7ff189c94fa4efea1ff940a48398985;ÏâÏó2ã-1õ400-(ãæ)-240-(îâ)-–-64/110;ÏâÏó2ã 1õ400 (ãæ) 240 (îâ) – 64/110;WireMaterialKind.copper;0.011550000000000001;0.085;;;0.0012;;WireMaterialKind.copper;;2.5;2.3;;false;0.00024;WireMaterialKind.copper;0.0004;0.0012;0.0002
415eccfe78ca41559e3f4fe7d450f82a;1. ÀÏâÏó2ã-1õ350/120-64/110;ÀÏâÏó2ã 1õ350/120-64/110;WireMaterialKind.aluminum;0.01105;0.0712;;;0.0011;;WireMaterialKind.aluminum;;;;WireMaterialKind.aluminum;false;0.00012;WireMaterialKind.aluminum;0.00035;0.001;0.00106
36fe230f3c0d44cb907bb3ea82971ca8;A2XS(FL)2Y-1õ400-RM/60-127/220-(Nexans);A2XS(FL)2Y 1õ400 RM/60 127/220 (Nexans);WireMaterialKind.aluminum;0.011300000000000001;0.091;;;0.00134;;;;;;WireMaterialKind.aluminum;false;6E-05;WireMaterialKind.aluminum;0.0004;;0.0002
25353d4b1073486d9b90bbcbf6fb13a9;ÀÏâÏïó2ã-1õ2000cãæ/185îâ-64/110-êÂ;ÀÏâÏïó2ã 1õ2000cãæ/185îâ-64/110 êÂ;WireMaterialKind.aluminum;0.0001;0.0496;;;0.006;;;;2.3;2.5;;true;0.000185;;0.002;0.000001;1.5e-7
c65a4a895f324d858c3f784142acbfa8;XLPE-127/220kV-1*1200-Milas-265+ofs;XLPE 127/220kV-1*1200 Milas 265+ofs;WireMaterialKind.copper;0.0215;0.118;;;0.0012;;WireMaterialKind.copper;;2.5;2.3;WireMaterialKind.copper;true;0.000265;WireMaterialKind.copper;0.0012;0.0012;0.0002
53a7a8093416409388995374db5a4963;HXCHBMR-2F-1x1600/195;HXCHBMR-2F 1x1600/195;WireMaterialKind.copper;0.02495;0.10208;;;0.001;;;;;;WireMaterialKind.copper;true;0.000195;WireMaterialKind.copper;0.0016;;0.0002
432af263667a41d5b1a5027f1a006b87;2. ÀÏâÏó2ãæ-1õ300/70-64/110;ÀÏâÏó2ãæ 1õ300/70-64/110;WireMaterialKind.aluminum;1.019;0.0698;;;0.001;;WireMaterialKind.aluminum;;11.5;7.3;WireMaterialKind.aluminum;false;7E-05;WireMaterialKind.aluminum;0.0003;0.001;0.00016
9c292f2c528d462f9d4f2bedcb355d2d;ÀÏâÂíã-2ã-3(1õ500);ÀÏâÂíã 2ã 3(1õ500);WireMaterialKind.aluminum;;;;;0.0263;;;;;2.4;WireMaterialKind.aluminum;false;0.00012;;0.0005;;
68613610763f46fdad8322f379efb1de;ÏâÏó2ãæ-1õ630/240-îâìì-2õ4-64/110;ÏâÏó2ãæ 1õ630/240 îâìì 2õ4-64/110;WireMaterialKind.copper;0.0162;0.08220999999999999;;;0.00114;;;;;;;true;0.00024;;0.00063;;0.0002
70911340bc774da7bd553ff6086f1a66;2XS(FL)2Y-LWL-1*1200RMS/265-127/220-kV;2XS(FL)2Y-LWL 1*1200RMS/265-127/220 kV;WireMaterialKind.copper;0.0225;0.118;;;0.0016;;;;2.5;2.3;;true;0.000265;;0.0012;0.0012;0.0002
e24885ce972f4db081d4a581ee67290e;ÀÏâÂíã2ã-À;ÀÏâÂíã2ã-À;WireMaterialKind.aluminum;0.033;56.15;;0.017;;;;;;;;false;3.5E-05;;0.00024;;
3beb8cc1a83749f7abed69cf19bdbb2b;2. À2XS(FL)2Y-1õ300RM/50-64/110;À2XS(FL)2Y 1õ300RM/50-64/110;WireMaterialKind.aluminum;1.019;0.0698;;;0.001;;WireMaterialKind.aluminum;;11.5;7.3;WireMaterialKind.aluminum;false;5E-05;WireMaterialKind.aluminum;0.0003;0.001;0.00016
bd67534cc65d4f88be858bd550f2cf6c;1. ÀÏâÏó2ãæ-1õ300/70-64/110;ÀÏâÏó2ãæ 1õ300/70-64/110;WireMaterialKind.aluminum;0.01019;0.0698;;;0.001;;;;11.5;7.3;WireMaterialKind.aluminum;false;7E-05;;0.0003;0.001;0.00016
adead6cac4a847e1a6eecd1d44a5cc39;ÀÏâÏó2ã-1õ500/95-64/110;ÀÏâÏó2ã 1õ500/95-64/110;WireMaterialKind.aluminum;0.0134;0.077;;;0.0011;;;;11.5;7.3;;false;9.5E-05;;0.0005;0.001;0.0003
9244c717a2cd4b9ba35cdca8008e5fd9;5õÀÏâÂíã(Â)-(3õ240);5õÀÏâÂíã(Â)-(3õ240);WireMaterialKind.aluminum;;0.07579999999999999;;;0.0006;;WireMaterialKind.aluminum;;;;WireMaterialKind.aluminum;false;7E-05;WireMaterialKind.aluminum;0.00024;;0.0001
18616190d5c241caba3c8a889853a8da;ÀÏâÂãíã---1õ630/150-64/110;ÀÏâÂãíã - 1õ630/150-64/110;WireMaterialKind.aluminum;0.0148;;;;0.0025;;WireMaterialKind.aluminum;;;;WireMaterialKind.aluminum;false;0.00015;WireMaterialKind.aluminum;0.00063;;
d960d015763d49639012f349e04a646d;ÀÏâÏó2ã-1õ400/120-127/220;ÀÏâÏó2ã-1õ400/120-127/220;WireMaterialKind.aluminum;0.011800000000000001;0.095;;;0.0015;;WireMaterialKind.aluminum;;5.8;5.6;WireMaterialKind.aluminum;false;0.00012;WireMaterialKind.aluminum;0.0004;0.001;0.00015
c527323ecffd4c9599ac9ac90af7b859;À2ÕS(FL)2Y+-1õ400RM/-120---64/110-Nexans;À2ÕS(FL)2Y+ 1õ400RM/ 120 - 64/110 Nexans;WireMaterialKind.aluminum;0.01165;0.071;;;0.0011;;WireMaterialKind.aluminum;;;;WireMaterialKind.aluminum;false;0.00012;WireMaterialKind.aluminum;0.0004;0.001;0.0003
96c456d4fb8a4591a03b6ebe2fd52998;AHXCHBMK-W-3x400/185;AHXCHBMK-W 3x400/185;WireMaterialKind.aluminum;0.037;;;;0.185;;;;;;;false;;WireMaterialKind.aluminum;;;
dd3305e164584d81950df954facf66d8;1. ÏÂÏÍÃ(À)2ãæ-HF-1*185/120-64/110;ÏÂÏÍÃ(À)2ãæ-HF 1*185/120-64/110;WireMaterialKind.copper;0.0126;0.0639;;;0.0011;;;;2.5;2.3;;false;0.00012;;0.000185;0.001;0.00015
c31bb98808324a129b5c861bea00e8cb;ÌÑÑÊ-4-110-150;ÌÑÑÊ-4-110-150;WireMaterialKind.copper;0.031;;;;0.0003;;;;;;;;;;0.00015;;
551fd9c48c4643c6802d91b31fe882ee;Êàáåëü ÀÏâÏó2ã  1õ1200 ãæ/300-64/110 ÂÅĞÍÎ;Êàáåëü ñ àëşìèíèåâîé æèëîé, ñ èçîëÿöèåé èç ñøèòîãî ïîëèıòèëåíà, óñèëåííîé îáîëî÷êîé èç ïîëèıòèëåíà, ñ äâîéíîé ãåğìåòèçàöèåé ıêğàíà:àëşìîïîëèìåğíàÿ ëåíòà, ñâàğåííàÿ ñ îáîëî÷êîé, äëÿ çàùèòû îò ïğîíèêíîâåíèÿ âëàãè â ñî÷åòàíèè ñ ïğîäîëüíîé ãåğìåòèçàöèåé âîäîíåïğîíèöàåìûìè ëåíòàìè;WireMaterialKind.aluminum;0.0206;0.0842;0.0842;;0.0011;;;WireMaterialKind.aluminum;2.5;2.3;WireMaterialKind.aluminum;true;0.0003;;0.0012;0.0011;0.00015
7d1801c8b19246138770ea034ba6cd76;3õÀÏâÏ-1õ300ìê/95-10 ;3õÀÏâÏ 1õ300ìê/95-10 ;WireMaterialKind.aluminum;0.013175000000000001;0.038;;;0.0006;;WireMaterialKind.aluminum;;2.3;2.3;WireMaterialKind.aluminum;false;9.5E-05;WireMaterialKind.aluminum;0.0003;0.0006;
09d7b9be56f34aa0825f4be77a3a1af7;ÏâÂíã(Â)-LS-4õ3(1õ240/50-10);ÏâÂíã(Â)-LS 4õ3(1õ240/50-10);WireMaterialKind.copper;0.00875;0.04;;;0.0006;;WireMaterialKind.copper;;;;WireMaterialKind.copper;false;5E-05;WireMaterialKind.copper;0.00024;;
4e52d337913943b1a8539ca0457bb3d4;ÀÏâÏó2ã-1õ800/240-64/110;ÀÏâÏó2ã 1õ800/240-64/110;WireMaterialKind.aluminum;0.017;0.069;;;0.0011;;;;;;;false;0.00024;;0.0008;0.001;
570bfd012da84b92aaa65d45f25353f5;2. ÏâÂíã(À)-LS-10;ÏâÂíã(À)-LS-10;WireMaterialKind.copper;0.014164999999999999;0.0518;;;0.002;;;;;;;false;7E-05;;0.00063;;4.49E-05
a62c96f7a9364151861f5eabbf919413;1. ÌÍÀãØÂó-1-x-625-ìì2;ÌÍÀãØÂó 1 x 625 ìì2;WireMaterialKind.copper;0.0162;0.064;;;;;;;;;;false;;;0.000625;;
5fa487c5eecc44cb8f9465257717bba5;ÏâÏó2ã1*630(ãæ)/210îâ-–-110êÂ;ÏâÏó2ã1*630(ãæ)/210îâ – 110êÂ;WireMaterialKind.copper;0.0149;0.089;;;0.0012;;;;2.5;2.5;;true;0.00021;;0.00063;0.0012;0.0002
7236ef3b1a854e98ac5afab6f22ef70a;1. ÏâÏó2ã;ÏâÏó2ã;WireMaterialKind.copper;;0.09;;;0.0008;;WireMaterialKind.copper;;;;WireMaterialKind.copper;false;0.00015;WireMaterialKind.copper;0.0008;;
0b03655b3e72424e9d70bcc1eb2419cc;2. ÀÏâÏó2ãæ-1x800/95;ÀÏâÏó2ãæ 1x800/95;WireMaterialKind.aluminum;0.017;0.089;;;0.0015;;;;;;WireMaterialKind.aluminum;false;9.5E-05;WireMaterialKind.aluminum;0.0008;;
a5114881e82143d1af07e0ba33ebe53d;ÏâÏïíã (À) 2ãæ-HF 3(1õ240/185(îâ)-64/110);ÏâÏïíã (À) 2ãæ-HF 3(1õ240/185(îâ)-64/110);WireMaterialKind.copper;0.02745;;;;;;;;;;;true;0.000185;;0.00024;;0.0002
60c8ccad1910417ab377ca50f4aa6f92;3*ÀÏâÏÓ-1*630/35-10;3*ÀÏâÏÓ-1*630/35-10;WireMaterialKind.aluminum;0.02465;0.05;;;0.0009;;WireMaterialKind.aluminum;;2.4;2.4;WireMaterialKind.aluminum;false;3.5E-05;WireMaterialKind.aluminum;0.00063;0.0002;0.0001
4ec59ab822bf4f63be19b753ff7cc285;1. ÀÏâÏó2ã-1õ1600ñãæ/280îâ-64/110;ÀÏâÏó2ã 1õ1600ñãæ/280îâ-64/110;WireMaterialKind.aluminum;0.0248;0.10490000000000001;;;0.0011;;WireMaterialKind.aluminum;;;;WireMaterialKind.aluminum;false;0.00028;WireMaterialKind.aluminum;0.0016;;0.00015
72e304ade96e49e0a6d6fa1def288f83;RHZ1-RA+2OL-245kV-1x1200MKCu-H265-FO;RHZ1-RA+2OL 245kV 1x1200MKCu H265 FO;WireMaterialKind.copper;0.021;0.116;;;0.0012;;WireMaterialKind.copper;;2.5;2.3;WireMaterialKind.copper;true;0.000265;WireMaterialKind.copper;0.0012;0.0012;0.0002
58a825078cf2491fa4f57067a21a8f6e;ÀÀØÂó-6-3õ185;ÀÀØÂó-6 3õ185;WireMaterialKind.aluminum;0.008400000000000001;0.048;;;0.0008;;;;3.6;3.6;;false;9.8E-05;WireMaterialKind.aluminum;0.000185;0;0.0008
ff4a2a4f455f41e9a423e54cd3bcc710;2XS(FL)-2Y-LWL-1x1600RMS/300-127/220kV-Demirer-kablo;2XS(FL)-2Y-LWL 1x1600RMS/300-127/220kV Demirer kablo;WireMaterialKind.copper;0.02425;0.12029999999999999;;;0.0012;;WireMaterialKind.copper;;2.5;2.3;WireMaterialKind.copper;true;0.0003;WireMaterialKind.copper;0.0016;0.0012;0.0002
01b0933eba1246149830a65ba9156e1c;2. ÌÍÀãØÂó-1-x-625-ìì2;ÌÍÀãØÂó 1 x 625 ìì2;WireMaterialKind.copper;0.0094;0.055;;;;;WireMaterialKind.copper;;;;;false;;WireMaterialKind.copper;0.00015;;
3c770215360c47a28ff476173a546274;1. ÀÏâÏÓ2ãæ-1õ400/150-64/110;ÀÏâÏÓ2ãæ 1õ400/150-64/110;WireMaterialKind.aluminum;0.01115;0.075;;;0.0011;;WireMaterialKind.aluminum;;;;WireMaterialKind.aluminum;false;0.00015;WireMaterialKind.aluminum;0.0004;0.001;0.001
18565f2f50734be99736f462f1c1bc96;FxBTV-1x1200;FxBTV 1x1200;WireMaterialKind.copper;0.022;0.109;;;0.0012;;WireMaterialKind.copper;;2.5;2.3;WireMaterialKind.copper;true;0.000185;WireMaterialKind.copper;0.0012;0.0012;0.0002
033f7167b2f3442ea4e049e1d606827c;ÀÏâÂíã(À)-1?300/120;ÀÏâÂíã(À) 1*300/120;WireMaterialKind.aluminum;0.01075;0.067;;;0.0025;;;;;;;false;0.00012;;0.0003;0.0002;0.00015
79dfe27d40b24e23831ddc7e5de0af5e;2. ÏâÏó2ã;ÏâÏó2ã;WireMaterialKind.copper;0.01185;0.0757;;;0.0008;;;;;;;false;0.00015;WireMaterialKind.copper;0.0004;;0.00015
37ed1d3ddd394a94bdccc5aa08db4197;3. ÏâÏó2ã;ÏâÏó2ã;WireMaterialKind.copper;0.0148;0.08270000000000001;;;0.0008;;WireMaterialKind.copper;;;;WireMaterialKind.copper;true;0.00015;WireMaterialKind.copper;0.00063;;0.0002
369a88fb17954280980373116737ca9a;2. ÀÏâÏÓ2ãæ-1õ400/150-64/110;ÀÏâÏÓ2ãæ 1õ400/150-64/110;WireMaterialKind.aluminum;0.01115;0.075;;;0.0011;;WireMaterialKind.aluminum;;;;WireMaterialKind.aluminum;false;0.00015;WireMaterialKind.aluminum;0.0004;0.001;0.001
1f6a2510adfe483294d4d3c5ab8ca8a6;ÀÏâÏó-1*400/35-10;ÀÏâÏó 1*400/35-10;WireMaterialKind.aluminum;0.0205;0.0446;;;0.0009;;WireMaterialKind.aluminum;;2.4;2.4;;false;3.5E-05;WireMaterialKind.aluminum;0.0004;0.0002;
e1f0cecc306b4e818ae102c5f2041ad0;1. ÏâÂíã(À)-LS-10;ÏâÂíã(À)-LS-10;WireMaterialKind.copper;0.014164999999999999;0.0518;;;0.002;;;;;;;false;7E-05;;0.00063;;4.49E-05
a0250f9daac34542a306fac1ef1ff5ee;ÀÏâÏó2ãæ-1õ1600/150-ÎÂÂÌ-2õ4-127/220-êÂ;ÀÏâÏó2ãæ 1õ1600/150 ÎÂÂÌ 2õ4-127/220 êÂ;WireMaterialKind.aluminum;0.05228;0.09476000000000001;;;0.004;;WireMaterialKind.aluminum;;;;WireMaterialKind.aluminum;true;0.00012;WireMaterialKind.aluminum;0.0016;0.001;0.0011
be7d41048b1d46149bbf7d7b2a8cec24;ÏâÂíã(À)-LS 1x185/50-35;ÏâÂíã(À)-LS 1x185/50-35;WireMaterialKind.copper;0.0085;0.055;0;0;0.0012;0;WireMaterialKind.copper;WireMaterialKind.copper;;;WireMaterialKind.copper;false;0.00005;WireMaterialKind.copper;0.000185;0;0
f9d9149ce5a34f26bcce1439fc47c8ff;ÀÏâÏó2ãæ-1õ400/150;ÀÏâÏó2ãæ 1õ400/150;WireMaterialKind.aluminum;0.011890000000000001;;;;0.002;;WireMaterialKind.aluminum;;2.5;2.5;WireMaterialKind.aluminum;false;0.00015;WireMaterialKind.aluminum;0.0004;;0.00039
a035db8b08b44b39b838c654e2065ad4;ÀÏâÏó2ã;;WireMaterialKind.aluminum;;;;;;;;;;;;;240;;500;;
2426c571ed074fde833666c150bba692;ÕLPE;ÕLPE;WireMaterialKind.copper;0.01185;0.0715;;;0.0008;;;;;;WireMaterialKind.copper;false;;WireMaterialKind.copper;0.0004;;
da2f16e7b6fc4593b73e18ec5a0007e7;Ìàñëîíàïîëíåííûé îäíîôàçíûé êàáåëü ñğåäíåãî äàâëåíèÿ 110 êÂ;ÌÑÑÊ-4-10-1õ500;WireMaterialKind.copper;0.0294;0.12;0;0.009800000000000001;0.0004;0.003;;WireMaterialKind.copper;;;WireMaterialKind.copper;;0;WireMaterialKind.copper;0.0005;0;0.0004
2e545151a60345c7963388c9e7a0df48;1. ÏâÏ2ã;ÏâÏ2ã;WireMaterialKind.copper;0.01185;0.07;;;0.0008;;;;;;;false;0.000185;;0.0004;;0.00015
207124bb6adb449e81ad592673a5e175;2XS(FL)2Y-1*300RM/150-64/110;2XS(FL)2Y-1*300RM/150-64/110;;0;0;0;0;0;0;;;;;;;0;;0;0;0
1a2dbdc0bc634269abc243256f99a721;1. ÏâÏó2ã-1õ1600ñãæ/300îâ-127/220;ÏâÏó2ã 1õ1600ñãæ/300îâ 127/220;WireMaterialKind.copper;0.025;0.113;;;0.001;;WireMaterialKind.copper;;2.5;2.3;WireMaterialKind.copper;true;0.0003;;0.0016;0.0011;0.0002
94549534d5e644a6a83be8aeec982a3e;2*ÀÏâÁÏ10-3*240/70;2*ÀÏâÁÏ10-3*240/70;WireMaterialKind.aluminum;0.037899999999999996;0.07579999999999999;;;0.0006;;WireMaterialKind.aluminum;;2.4;2.4;WireMaterialKind.aluminum;false;7E-05;WireMaterialKind.aluminum;0.00024;0.0002;
4bb2d399db6c467082823c30ed51600e;ÏâÏïíã(À)-HF-1õ630/70-64/110;ÏâÏïíã(À)-HF 1õ630/70-64/110;WireMaterialKind.copper;0.0148;0.07901000000000001;;;0.0011;;;;2.5;2.5;WireMaterialKind.copper;false;7E-05;WireMaterialKind.copper;0.00063;0.0011;
ebb9b990e59a4fceb39955af7ba0b5a2;XLPE-CABLE-220000-volts-1200mm;XLPE CABLE 220000 volts 1200mm;WireMaterialKind.copper;0.021;0.116;;;0.0012;;;;2.5;2.3;;true;0.000265;;0.0012;0.0012;0.0002
4e313b8e8e2344528a3df4a05493b805;ÀÏâÏó2ã 1õ2000ñãæ/185-64/110 êÂ;ÀÏâÏó2ã 1õ2000ñãæ/185-64/110 êÂ;WireMaterialKind.aluminum;;0.11109999999999999;;;0.006;;WireMaterialKind.aluminum;WireMaterialKind.aluminum;2.3;;WireMaterialKind.aluminum;;0.000185;;0.002;0.0015;0.0001
ed3e604d0ef143778ae9500fd5e4d849;ÀÏâÏó2ãæ-1õ500/95-64/110;ÀÏâÏó2ãæ 1õ500/95-64/110;WireMaterialKind.aluminum;0.0134;0.077;;;0.0011;;;;11.5;7.3;;false;9.5E-05;WireMaterialKind.aluminum;0.0005;0.001;0.0003
867444834c0a4bed919b4b749b039143;ÀÏâÏó2ã 1õ500/240-64-110;ÀÏâÏó2ã 1õ500/240-64-110;WireMaterialKind.aluminum;;0.00266;0.00266;;0.0038;;;;;;;;0.0024;;0.005;;
633695ea33594932a0a07888014fe18e;ÀÏâÂíã-1*185/95-64/110;ÀÏâÂíã 1*185/95-64/110;WireMaterialKind.aluminum;0.008;0.0644;;;0.00165;;;;2.25;2.4;;true;9.5E-05;;0.000185;0.002;
b32186a37a86444cbbd80465e5c74033;1. ÀÏâÏñ-3(1õ350);ÀÏâÏñ 3(1õ350);WireMaterialKind.aluminum;;0.07;;;0.015;;;;;2.4;;false;3.5E-05;WireMaterialKind.aluminum;0.00035;0.0004;0.0025
8a151a3955df405ab045d20c6bcf9edc;ÏâÏó2ã-1õ1600ñãæ/300îâ---127/220-êÂ;ÏâÏó2ã 1õ1600ñãæ/300îâ - 127/220 êÂ;WireMaterialKind.copper;0.0248;0.123;;;0.0011;;WireMaterialKind.copper;;2.5;2.5;;true;0.0003;WireMaterialKind.copper;0.0016;0.0015;0.0002
f777858589a6409c83dc73a8562a38da;ÀÏâÏ2ã-1*400/120;ÀÏâÏ2ã 1*400/120;WireMaterialKind.aluminum;0.01175;0.0441;;;0.0009;;WireMaterialKind.aluminum;;;;WireMaterialKind.aluminum;false;0.00012;WireMaterialKind.aluminum;0.0004;0.0001;0.0001
a1e3318d9936425ebcbdcadd3f9019f0;(F)2XS(FL)2Y-1x1200RMS/245-FO-64-110kV;(F)2XS(FL)2Y 1x1200RMS/245 FO 64 110kV;WireMaterialKind.copper;0.021;0.116;;;0.0012;;;;2.5;2.3;;true;0.000245;;0.0012;0.0012;0.0002
8d2b007a346044f5bb3db2def56d069c;ÏâÏó2ã-1õ2000ñãæ/265îâ-127/220êÂ;ÏâÏó2ã-1õ2000ñãæ/265îâ-127/220êÂ;WireMaterialKind.copper;0.028149999999999998;0.13022;;;0.0012;;WireMaterialKind.copper;;2.5;2.3;;true;0.000265;;0.002;0.0012;0.0002
637939142337493ca3803425a13dbf61;2. HXCHBMK-2F-1*1200/265-mm2-220kV;HXCHBMK-2F 1*1200/265 mm2 220kV;WireMaterialKind.copper;0.021;0.116;;;0.0012;;;;2.5;2.3;WireMaterialKind.copper;true;0.000265;;0.0012;0.0012;0.0002
c0d9bfb674024cc9b50768ff912e77f7;ÏâÏ(ï)ó2ãæ-1*630/265-ÎÂÌÌ-2õ4+ÎÂÎÌ-2õ4---64/110-êÂ;ÏâÏ(ï)ó2ãæ 1*630/265 ÎÂÌÌ 2õ4+ÎÂÎÌ 2õ4 - 64/110 êÂ;WireMaterialKind.copper;0.015075;0.08537;;;0.001;;;;2.5;2.5;;true;0.000265;WireMaterialKind.copper;0.00063;0.0015;0.0002
18e02d3c2604471684eaad3d17de50f7;ÀÏâÏó2ã-1õ400(ãæ)/95-64/110;ÀÏâÏó2ã 1õ400(ãæ)/95-64/110;WireMaterialKind.aluminum;0.011314999999999999;0.07277;;;0.00015;;WireMaterialKind.aluminum;;;;WireMaterialKind.aluminum;true;9.5E-05;WireMaterialKind.aluminum;0.0004;0.00045;0.0002
c4579ed7e6404a43af6a6b6d8c1903d7;ÌÍÀØâó-1õ150;ÌÍÀØâó 1õ150;WireMaterialKind.copper;0.0094;0.06;;;0.00032;;WireMaterialKind.copper;;;;;false;;WireMaterialKind.copper;0.00015;;
60fa271cda414b7ba03953f57316aeb1;ÏâÏïíã(À) 2ãæ 1*2500/350(ÎÂ)-190/330;ÏâÏïíã(À) 2ãæ 1*2500/350(ÎÂ)-190/330;;;;;0.026;;;;;;;;false;0.00035;;0.0025;;
9762dd0068fb491aa166192c518e1eaf;ÏâÏó2ã-1?1600ñãæ/300îâ-127/220-êÂ;ÏâÏó2ã 1*1600ñãæ/300îâ 127/220 êÂ;WireMaterialKind.copper;0.02425;0.12029999999999999;;;0.0012;;;;2.5;2.3;;true;0.0003;;0.0016;0.0012;0.0002
c5d194e45d4f47e19fce614f4a384ad9;ÀÏâÏïíã(A)-HF-1õ185/70-64/110;ÀÏâÏïíã(A)-HF 1õ185/70-64/110;WireMaterialKind.aluminum;0.008;0.06556999999999999;;;0.0011;;WireMaterialKind.aluminum;;2.5;2.5;;false;7E-05;;0.000185;;
2e5ab643ef1b48bbb84367965ebc205b;ÏâÏó2ã-1õ800/185-127/220;ÏâÏó2ã-1õ800/185-127/220;WireMaterialKind.copper;0.01685;0.10740000000000001;;;0.00102;;WireMaterialKind.copper;;;;;false;0.000185;WireMaterialKind.copper;0.0008;;0.0002
c49a022dddcf478e841f2a5c13f79ff4;ÂÂÃíã(À)-LS-3õ185;ÂÂÃíã(À) LS 3õ185;WireMaterialKind.copper;;;;;0.0003;;;;;;WireMaterialKind.copper;false;;;0.000185;;0.00011999999999999999
8b7aa41e00dd46a7bafdafdf34186af7;ÀÏâÁÏ10-3*150/35;ÀÏâÁÏ10-3*150/35;WireMaterialKind.aluminum;0.033299999999999996;0.07;;;0.0006;;WireMaterialKind.aluminum;;2.4;2.4;WireMaterialKind.aluminum;false;3.5E-05;WireMaterialKind.aluminum;0.00015;0.0002;
85b0e25a4cb74386a2f0e928466d3998;2XS(FL)2Y-1*1600RMS/265-64/110;2XS(FL)2Y-1*1600RMS/265-64/110;;0;0;0;0;0;0;;;;;;;0;;0;0;0
108996de02c54173805f72d8cfd189cd;ÀÏâÂíã(À)-LS-1õ185-(ãæ)/70-64/110;ÀÏâÂíã(À)-LS 1õ185 (ãæ)/70-64/110;WireMaterialKind.aluminum;0.008;0.06556999999999999;;;0.0011;;WireMaterialKind.aluminum;;2.5;2.5;WireMaterialKind.aluminum;false;7E-05;WireMaterialKind.aluminum;0.000185;0.0011;
c1417a597bd14428bb61d32807dd5970;XLPE-127/220kV-1x1200;XLPE 127/220kV 1x1200;WireMaterialKind.copper;0.022;0.109;;;0.0012;;WireMaterialKind.copper;;2.5;2.3;WireMaterialKind.copper;true;0.000185;WireMaterialKind.copper;0.0012;0.0012;0.0002
74cdc73884dd4c5697375953e961c536;ÀÏâÏó2ã 1õ2000ñãæ/185-64/110 êÂ;ÀÏâÏó2ã 1õ2000ñãæ/185-64/110 êÂ;WireMaterialKind.aluminum;0.0277;0.11109999999999999;0.11109999999999999;0.0885;0.0001;0.006;WireMaterialKind.aluminum;WireMaterialKind.aluminum;2.3;2.3;WireMaterialKind.aluminum;;0.000185;WireMaterialKind.aluminum;0.002;0.0015;0.0001
77d61cc1858e4f7fa9b1c1d9464dfc29;ÀÏâÏó2ã-1õ185/95-64/110;ÀÏâÏó2ã 1õ185/95-64/110;WireMaterialKind.aluminum;0.00809;0.062;;;0.0015;;;;;;WireMaterialKind.aluminum;;9.5E-05;WireMaterialKind.aluminum;0.000185;;
b9c1861ea7654813ae0d84a063f11982;ÀÏâÏ2ãíã(À)-HF-1x630(ãæ)/95-64/110;ÀÏâÏ2ãíã(À)-HF 1x630(ãæ)/95-64/110;WireMaterialKind.aluminum;0.01495;0.076;;;0.0011;;;;;;;false;9.5E-05;;0.00063;0.001;0.0001
01df7c0be33d444ca741885a09a0dd07;2. ÀÏâÏó2ã-1õ630/95-64/110;ÀÏâÏó2ã 1õ630/95-64/110;WireMaterialKind.aluminum;0.01495;0.076;;;0.0011;;WireMaterialKind.aluminum;;;;WireMaterialKind.aluminum;false;9.5E-05;WireMaterialKind.aluminum;0.00063;0.001;0.0001
4675da90496c4987bb1134e06b9cd90d;1. ÀÏâÏó2ãæ-1x800/95;ÀÏâÏó2ãæ 1x800/95;WireMaterialKind.aluminum;0.017;0.089;;;0.0015;;;;;;;false;9.5E-05;;0.0008;;
b97ad0318af54f2cb504684ca26480bd;1. HXCHBMK-2F-1*1200/265-mm2-220kV;HXCHBMK-2F 1*1200/265 mm2 220kV;WireMaterialKind.copper;0.021;0.116;;;0.0012;;WireMaterialKind.copper;;2.5;2.3;;true;0.000265;WireMaterialKind.copper;0.0012;0.0012;0.0002
fc02321c44a04ce3ab11d1a30fa89ffa;ÏâÏó2ã-1õ1600ñãæ/265îâ-127/220êÂ;ÏâÏó2ã 1õ1600ñãæ/265îâ-127/220êÂ;WireMaterialKind.copper;0.02425;0.12029999999999999;;;0.0012;;WireMaterialKind.copper;;2.5;2.3;;false;0.000265;;0.0016;0.0012;0.0002
da178a51a2e7447f93dfde23e2f90f42;ÏâÏó2ã-1õ800-(ãæ)/240-127/220;ÏâÏó2ã 1õ800 (ãæ)/240-127/220;WireMaterialKind.copper;0.0175;0.10690000000000001;;;0.0019399999999999999;;WireMaterialKind.copper;;2.3;2.3;WireMaterialKind.copper;false;0.00024;WireMaterialKind.copper;0.0008;0.0011;0.0005
c7e6753909ee4fd8a7490896751e0081;2. ÏâÏó2ã-1õ1600ñãæ/300îâ-127/220;ÏâÏó2ã 1õ1600ñãæ/300îâ 127/220;WireMaterialKind.copper;0.0248;0.12140000000000001;;;0.0011;;WireMaterialKind.copper;;2.5;2.3;WireMaterialKind.copper;true;0.0003;WireMaterialKind.copper;0.0016;0.0011;0.0002
6dfd71d0071840ce96815a8cc8c06410;ÌÍÀØÂó-1-x-150-ìì2;ÌÍÀØÂó 1 x 150 ìì2;WireMaterialKind.copper;0.0094;0.055;;;;;WireMaterialKind.copper;;;;;false;;;0.00015;;
aa1f564af9d54e60986294633539f9d0;ÌÍÀØâ-1õ270;ÌÍÀØâ 1õ270;WireMaterialKind.copper;0.0116;0.056799999999999996;;;0.0025;;;;;;;false;9.5E-05;;0.00027;;
87ef92ccc9d64a01873693e52b30cb67;ÀÏâÏóã-1*185/70-110-êÂ;ÀÏâÏóã-1*185/70-110 êÂ;WireMaterialKind.aluminum;0.013900000000000001;0.062;;;0.0006;;;;;;;;7E-05;;0.000185;;0.0025
8583096c68f64780bbd10011c5ffdd5e;2XS(FL)2Y-1*400RM/150-127/220;2XS(FL)2Y-1*400RM/150-127/220;;0;0;0;0;0;0;;;;;;;0;;0;0;0
c3759af697654b2ebb6b0a659db3b3eb;ÀÏâÏó 1õ630ìê/240-10 êÂ;ÀÏâÏó 1õ630ìê/240-10 êÂ;WireMaterialKind.aluminum;;;;;;;;;;;;;0.00024;;0.0063;;
9299708f748c4c7b851fdd6acf9e11bf;ÏâÂíã-LS(Â)-6-1?400/50;ÏâÂíã-LS(Â)-6 1*400/50;WireMaterialKind.copper;0.0125;0.0494;;;0.0025;;;;;;;false;5E-05;WireMaterialKind.copper;0.0004;0.0002;0.00015
526d54e265fe46b1b507f269a351d60d;2. ÏâÏó2ã-1õ1200(ñãæ)/265îâ-127/220;ÏâÏó2ã-1õ1200(ñãæ)/265îâ-127/220;WireMaterialKind.copper;0.021;0.116;;;0.0012;;;;2.5;2.3;;true;0.000265;WireMaterialKind.copper;0.0012;0.0012;0.0002
efeca68d41cf4e5fb0fb00c8fe6a329b;2. ÏÂÏÍÃ(À)2ãæ-HF-1*185/120-64/110;ÏÂÏÍÃ(À)2ãæ-HF 1*185/120-64/110;WireMaterialKind.copper;0.0126;0.0639;;;0.0011;;;;2.5;2.3;WireMaterialKind.copper;false;0.00012;;0.000185;0.001;0.00015
323df25f6c8e463e885629e04ea73247;6õPVVNG-(1õ400);6õPVVNG (1õ400);WireMaterialKind.copper;;0.048;;;0.0001;;WireMaterialKind.copper;;;;;false;9.5E-05;WireMaterialKind.copper;0.0004;;
db755f8bbc44439bb42c0a5f30da63f1;ÏâÏó2ã 1õ500(ãæ)/120–64/110;ÏâÏó2ã 1õ500(ãæ)/120–64/110;WireMaterialKind.copper;0;0.08109999999999999;0.08109999999999999;0.015;0.0011;0;WireMaterialKind.copper;;;;WireMaterialKind.copper;true;0.00012;WireMaterialKind.copper;0.0005;0;0.00015
717ab2aea1b9435b938b16347a1741ce;ÏâÏó2ã-500ãæ/120-64/110-êÂ;ÏâÏó2ã-500ãæ/120-64/110 êÂ;WireMaterialKind.copper;0.013300000000000001;0.07690000000000001;;;0.0011;;WireMaterialKind.copper;;2.5;2.5;;true;0.00012;WireMaterialKind.copper;0.0005;0.001;0.00015
0382d775bc254036ac13d77e0874d494;ÖÀÑÁÃ-10;ÖÀÑÁÃ-10;WireMaterialKind.aluminum;;0.053899999999999997;;;0.00023999999999999998;;WireMaterialKind.aluminum;;;;;false;1.8E-05;WireMaterialKind.aluminum;0.000185;;
5441c1347291438499a58b3161766140;ÀÏâÏó2ã-1õ500(ãæ)/70-64/110;ÀÏâÏó2ã 1õ500(ãæ)/70-64/110;WireMaterialKind.aluminum;0.012835000000000001;0.07539;;;0.001;;WireMaterialKind.aluminum;;11.5;7.3;;false;7E-05;WireMaterialKind.aluminum;0.0005;0.001;0.00016
03f280940d8c40e092b424903cfc178e;5õÏâÂíã-LS3õ240/70;5õÏâÂíã LS3õ240/70;WireMaterialKind.copper;0.0096;0.0742;;;0.0006;;WireMaterialKind.copper;;;;WireMaterialKind.copper;false;7E-05;WireMaterialKind.copper;0.00024;;
2f68bad6c424430baea76db25e6e0cd6;2XS(FL)-2Y-2LWL-1x1200RMS/265-127/220kV;2XS(FL)-2Y-2LWL 1x1200RMS/265-127/220kV;WireMaterialKind.copper;0.021;0.116;;;0.0012;;;;2.5;2.3;;true;0.000265;;0.0012;0.0012;0.0002
e732a15be4ed4718bc8265791f90c0a1;ÀÏâÂíã(À)-1?185/95;ÀÏâÂíã(À) 1*185/95;WireMaterialKind.aluminum;0.008400000000000001;0.062;;;0.0025;;WireMaterialKind.aluminum;;;;WireMaterialKind.aluminum;false;0.00012;WireMaterialKind.aluminum;0.000185;0.0002;0.00015
13f1c05ebcb8447c810d6161c202d50f;A2XS(FL)2Y-1õ400-RM/150-127/220;A2XS(FL)2Y 1õ400 RM/150 127/220;WireMaterialKind.aluminum;0.011300000000000001;0.0925;;;0.00134;;WireMaterialKind.aluminum;;;;WireMaterialKind.aluminum;false;0.00015;;0.0004;;0.0002
21f013403c6f4d8bb54ba58289a0546c;ÀÏâÏó2ãæ-1õ630/95-64/110;ÀÏâÏó2ãæ 1õ630/95-64/110;WireMaterialKind.aluminum;0.01115;0.078;;;0.0011;;;;;;;false;9.5E-05;;;0.001;0.0003
489d1911ae614e6fbad483526aa6ac83;ÀÑÁ2ë-3õ240-10;ÀÑÁ2ë 3õ240-10;WireMaterialKind.aluminum;0.0096;0.0654;;;0.00125;;;;;;;false;;;0.00024;;
6b0f665c8d524782b5263e753d500350;ÏâÂíã(À)-LS-1õ185/70-35;ÏâÂíã(À)-LS 1õ185/70-35;WireMaterialKind.copper;;;;;0.0006;;;;;;;;3.5E-05;;0.000185;;0.00015
666341193ff34816a6be499199d99622;A(F)2ÕS(FL)2-Y-1õ630/120-64/110(123)-kV;A(F)2ÕS(FL)2 Y 1õ630/120-64/110(123) kV;WireMaterialKind.aluminum;0.01495;0.076;;;0.0011;;;;;;WireMaterialKind.aluminum;false;0.00012;WireMaterialKind.aluminum;0.00063;0.001;0.0001
4965da64225a45cb92548b77b0eae53c;ÀÏâÂíã(À)-LS-3õ(1õ500);ÀÏâÂíã(À)-LS 3õ(1õ500);WireMaterialKind.aluminum;0.013800000000000002;0.048600000000000004;;;0.0009;;WireMaterialKind.aluminum;;;;WireMaterialKind.aluminum;false;7E-05;WireMaterialKind.aluminum;0.0005;;0.0002
60cf268987774759971426c0bad5db94;N2XS(FL)2Y-with-OF-1*1200-RMS/265-127/220kV;N2XS(FL)2Y with OF 1*1200 RMS/265 127/220kV;WireMaterialKind.copper;0.021;0.116;;;0.0012;;WireMaterialKind.copper;;2.5;2.3;;true;0.000265;WireMaterialKind.copper;0.0012;0.0012;0.0002
32586f56fe8149c9a8dd0837939a68f3;ÌÍÑÊ-4-1-õ-270-ìì2;ÌÍÑÊ-4 1 õ 270 ìì2;WireMaterialKind.copper;0.0116;0.07959999999999999;;;;;WireMaterialKind.copper;;;;WireMaterialKind.copper;false;;WireMaterialKind.copper;0.00027;;
be494f29d1b34617ae2e796bd83498e0;1. ÀÏâÏó2ã-1õ630/95-64/110;ÀÏâÏó2ã 1õ630/95-64/110;WireMaterialKind.aluminum;0.01115;0.078;;;0.0011;;WireMaterialKind.aluminum;;;;WireMaterialKind.aluminum;false;9.5E-05;;0.00063;0.001;
8ed61534b0ba4d89bf6cd0c8c7f2a6f1;ÏâÂíã-1õ240/95;ÏâÂíã 1õ240/95;WireMaterialKind.copper;0.0091;0.0715;;;0.0015;;WireMaterialKind.copper;;2.4;2.4;;false;9.5E-05;WireMaterialKind.copper;0.00024;;
